{"offsets": {"land": {"x": 17.0, "y": 18.5, "z": 134.5374984741211}, "house": [{"x": -1.0, "y": -8.5, "z": 134.5374984741211}, {"x": -9.0, "y": -8.5, "z": 134.5374984741211}, {"x": -9.0, "y": 0.5, "z": 134.5374984741211}, {"x": -3.0, "y": 1.5, "z": 134.5374984741211}, {"x": 2.0, "y": -2.5, "z": 134.5374984741211}]}, "meta": {"street_name": "Rue du Sart", "house_number": "43", "postal_code": 1370, "city_name": "Jodoigne", "x": 4.797859552605959, "y": 50.73946922319657, "price": 253396}, "details": {"area_property": 608.8436, "area_building": 112.7506}}