{"offsets": {"land": {"x": 14.0, "y": 12.0, "z": 69.16500091552734}, "house": [{"x": 0.0, "y": -7.0, "z": 69.16500091552734}, {"x": 0.0, "y": -1.0, "z": 69.16500091552734}, {"x": -2.0, "y": 3.0, "z": 69.16500091552734}, {"x": -2.0, "y": 0.0, "z": 69.16500091552734}, {"x": 3.0, "y": 4.0, "z": 69.16500091552734}, {"x": 5.0, "y": -1.0, "z": 69.16500091552734}, {"x": -2.0, "y": -2.0, "z": 69.16500091552734}, {"x": -2.0, "y": -7.0, "z": 69.16500091552734}, {"x": -2.0, "y": -7.0, "z": 69.16500091552734}]}, "meta": {"street_name": "Rue du Sol", "house_number": "1", "postal_code": 1301, "city_name": "Wavre", "x": 4.612033000701711, "y": 50.70690230999715, "price": 250854}, "details": {"area_property": 352.3204, "area_building": 87.9958}}