{"offsets": {"land": {"x": 20.0, "y": 19.5, "z": 108.72249984741211}, "house": [{"x": 3.0, "y": 1.5, "z": 108.72249984741211}, {"x": -4.0, "y": -5.5, "z": 108.72249984741211}, {"x": 0.0, "y": 0.5, "z": 108.72249984741211}, {"x": 2.0, "y": 4.5, "z": 108.72249984741211}, {"x": -1.0, "y": 0.5, "z": 108.72249984741211}, {"x": -1.0, "y": 2.5, "z": 108.72249984741211}, {"x": -5.0, "y": -5.5, "z": 108.72249984741211}, {"x": -5.0, "y": -2.5, "z": 108.72249984741211}]}, "meta": {"street_name": "Rue des Combattants", "house_number": "1", "postal_code": 1301, "city_name": "Wavre", "x": 4.579287968006351, "y": 50.71665540176674, "price": 358122}, "details": {"area_property": 758.2155, "area_building": 122.5169}}